{
    "clients": {
        "0": {
            "Tipo": "Cliente perdido",
            "Porcentagem": 26.02131438721137,
            "ValorAbsoluto": 293
        },
        "7": {
            "Tipo": "Cliente de alto valor",
            "Porcentagem": 18.561278863232683,
            "ValorAbsoluto": 209
        },
        "6": {
            "Tipo": "Cliente de valor geral",
            "Porcentagem": 15.719360568383658,
            "ValorAbsoluto": 177
        },
        "1": {
            "Tipo": "Cliente de reten\u00e7\u00e3o cr\u00edtica",
            "Porcentagem": 12.16696269982238,
            "ValorAbsoluto": 137
        },
        "2": {
            "Tipo": "Cliente de reten\u00e7\u00e3o geral",
            "Porcentagem": 10.74600355239787,
            "ValorAbsoluto": 121
        },
        "3": {
            "Tipo": "Cliente de desenvolvimento estrat\u00e9gico",
            "Porcentagem": 6.571936056838366,
            "ValorAbsoluto": 74
        },
        "4": {
            "Tipo": "Cliente em desenvolvimento",
            "Porcentagem": 5.41740674955595,
            "ValorAbsoluto": 61
        },
        "5": {
            "Tipo": "Cliente em fase de prote\u00e7\u00e3o",
            "Porcentagem": 4.7957371225577266,
            "ValorAbsoluto": 54
        }
    },
    "monetary": {
        "0": {
            "Tipo": "Cliente perdido",
            "Porcentagem": 13.229193825092885,
            "ValorAbsoluto": 388.5
        },
        "1": {
            "Tipo": "Cliente de reten\u00e7\u00e3o cr\u00edtica",
            "Porcentagem": 21.4186947644361,
            "ValorAbsoluto": 629.0
        },
        "2": {
            "Tipo": "Cliente de reten\u00e7\u00e3o geral",
            "Porcentagem": 5.720732464905032,
            "ValorAbsoluto": 168.0
        },
        "3": {
            "Tipo": "Cliente de desenvolvimento estrat\u00e9gico",
            "Porcentagem": 11.22012706658457,
            "ValorAbsoluto": 329.5
        },
        "4": {
            "Tipo": "Cliente em desenvolvimento",
            "Porcentagem": 3.155818743818665,
            "ValorAbsoluto": 92.67651515151515
        },
        "5": {
            "Tipo": "Cliente em fase de prote\u00e7\u00e3o",
            "Porcentagem": 9.829619665234866,
            "ValorAbsoluto": 288.66515151515154
        },
        "6": {
            "Tipo": "Cliente de valor geral",
            "Porcentagem": 9.35327490428584,
            "ValorAbsoluto": 274.67639739487566
        },
        "7": {
            "Tipo": "Cliente de alto valor",
            "Porcentagem": 26.072538565642038,
            "ValorAbsoluto": 765.6688205398497
        }
    },
    "frequency": {
        "0": {
            "Tipo": "Cliente perdido",
            "Porcentagem": 8.941058941058941,
            "ValorAbsoluto": 358.0
        },
        "1": {
            "Tipo": "Cliente de reten\u00e7\u00e3o cr\u00edtica",
            "Porcentagem": 4.595404595404595,
            "ValorAbsoluto": 184.0
        },
        "2": {
            "Tipo": "Cliente de reten\u00e7\u00e3o geral",
            "Porcentagem": 4.545454545454546,
            "ValorAbsoluto": 182.0
        },
        "3": {
            "Tipo": "Cliente de desenvolvimento estrat\u00e9gico",
            "Porcentagem": 3.021978021978022,
            "ValorAbsoluto": 121.0
        },
        "4": {
            "Tipo": "Cliente em desenvolvimento",
            "Porcentagem": 5.894105894105895,
            "ValorAbsoluto": 236.0
        },
        "5": {
            "Tipo": "Cliente em fase de prote\u00e7\u00e3o",
            "Porcentagem": 6.393606393606394,
            "ValorAbsoluto": 256.0
        },
        "6": {
            "Tipo": "Cliente de valor geral",
            "Porcentagem": 26.47352647352647,
            "ValorAbsoluto": 1060.0
        },
        "7": {
            "Tipo": "Cliente de alto valor",
            "Porcentagem": 40.13486513486513,
            "ValorAbsoluto": 1607.0
        }
    }
}