{
    "clients": {
        "7": {
            "Tipo": "Cliente de alto valor",
            "Porcentagem": 21.49200710479574,
            "ValorAbsoluto": 4114
        },
        "0": {
            "Tipo": "Cliente perdido",
            "Porcentagem": 21.04795737122558,
            "ValorAbsoluto": 4029
        },
        "1": {
            "Tipo": "Cliente de reten\u00e7\u00e3o cr\u00edtica",
            "Porcentagem": 17.140319715808168,
            "ValorAbsoluto": 3281
        },
        "6": {
            "Tipo": "Cliente de valor geral",
            "Porcentagem": 12.788632326820604,
            "ValorAbsoluto": 2448
        },
        "2": {
            "Tipo": "Cliente de reten\u00e7\u00e3o geral",
            "Porcentagem": 9.236234458259325,
            "ValorAbsoluto": 1768
        },
        "3": {
            "Tipo": "Cliente de desenvolvimento estrat\u00e9gico",
            "Porcentagem": 8.081705150976909,
            "ValorAbsoluto": 1547
        },
        "5": {
            "Tipo": "Cliente em fase de prote\u00e7\u00e3o",
            "Porcentagem": 5.328596802841918,
            "ValorAbsoluto": 1020
        },
        "4": {
            "Tipo": "Cliente em desenvolvimento",
            "Porcentagem": 4.8845470692717585,
            "ValorAbsoluto": 935
        }
    },
    "monetary": {
        "0": {
            "Tipo": "Cliente perdido",
            "Porcentagem": 9.1326513353692,
            "ValorAbsoluto": 66633.54
        },
        "1": {
            "Tipo": "Cliente de reten\u00e7\u00e3o cr\u00edtica",
            "Porcentagem": 25.68894579492303,
            "ValorAbsoluto": 187431.375
        },
        "2": {
            "Tipo": "Cliente de reten\u00e7\u00e3o geral",
            "Porcentagem": 4.157168852037291,
            "ValorAbsoluto": 30331.485
        },
        "3": {
            "Tipo": "Cliente de desenvolvimento estrat\u00e9gico",
            "Porcentagem": 12.147487350690653,
            "ValorAbsoluto": 88630.35
        },
        "4": {
            "Tipo": "Cliente em desenvolvimento",
            "Porcentagem": 2.6043678070918874,
            "ValorAbsoluto": 19001.956833333334
        },
        "5": {
            "Tipo": "Cliente em fase de prote\u00e7\u00e3o",
            "Porcentagem": 10.791646881772824,
            "ValorAbsoluto": 78737.8832012987
        },
        "6": {
            "Tipo": "Cliente de valor geral",
            "Porcentagem": 6.945070374373115,
            "ValorAbsoluto": 50672.538302361194
        },
        "7": {
            "Tipo": "Cliente de alto valor",
            "Porcentagem": 28.532661603742,
            "ValorAbsoluto": 208179.6598230197
        }
    },
    "frequency": {
        "0": {
            "Tipo": "Cliente perdido",
            "Porcentagem": 7.317682317682318,
            "ValorAbsoluto": 4981.0
        },
        "1": {
            "Tipo": "Cliente de reten\u00e7\u00e3o cr\u00edtica",
            "Porcentagem": 6.218781218781219,
            "ValorAbsoluto": 4233.0
        },
        "2": {
            "Tipo": "Cliente de reten\u00e7\u00e3o geral",
            "Porcentagem": 4.020979020979021,
            "ValorAbsoluto": 2737.0
        },
        "3": {
            "Tipo": "Cliente de desenvolvimento estrat\u00e9gico",
            "Porcentagem": 3.5464535464535465,
            "ValorAbsoluto": 2414.0
        },
        "4": {
            "Tipo": "Cliente em desenvolvimento",
            "Porcentagem": 5.1448551448551445,
            "ValorAbsoluto": 3502.0
        },
        "5": {
            "Tipo": "Cliente em fase de prote\u00e7\u00e3o",
            "Porcentagem": 7.142857142857142,
            "ValorAbsoluto": 4862.0
        },
        "6": {
            "Tipo": "Cliente de valor geral",
            "Porcentagem": 21.753246753246753,
            "ValorAbsoluto": 14807.0
        },
        "7": {
            "Tipo": "Cliente de alto valor",
            "Porcentagem": 44.85514485514486,
            "ValorAbsoluto": 30532.0
        }
    },
    "ltv_by_client_type": [
        {
            "TipoCliente": "Cliente de alto valor",
            "CLV": 49791.619064014216
        },
        {
            "TipoCliente": "Cliente de desenvolvimento estrat\u00e9gico",
            "CLV": 4645.954378067718
        },
        {
            "TipoCliente": "Cliente de reten\u00e7\u00e3o cr\u00edtica",
            "CLV": 4316.1800508835195
        },
        {
            "TipoCliente": "Cliente de reten\u00e7\u00e3o geral",
            "CLV": 1764.212776404389
        },
        {
            "TipoCliente": "Cliente de valor geral",
            "CLV": 10582.006607001555
        },
        {
            "TipoCliente": "Cliente em desenvolvimento",
            "CLV": 1348.3268980001315
        },
        {
            "TipoCliente": "Cliente em fase de prote\u00e7\u00e3o",
            "CLV": 3273.9698612840175
        },
        {
            "TipoCliente": "Cliente perdido",
            "CLV": 1469.6171992997029
        }
    ]
}