{
    "clients": {
        "0": {
            "Tipo": "Cliente perdido",
            "Porcentagem": 62.28256257955027,
            "ValorAbsoluto": 19084
        },
        "7": {
            "Tipo": "Cliente de alto valor",
            "Porcentagem": 10.267288926601612,
            "ValorAbsoluto": 3146
        },
        "1": {
            "Tipo": "Cliente de reten\u00e7\u00e3o cr\u00edtica",
            "Porcentagem": 8.188375053033518,
            "ValorAbsoluto": 2509
        },
        "6": {
            "Tipo": "Cliente de valor geral",
            "Porcentagem": 6.1094611794654226,
            "ValorAbsoluto": 1872
        },
        "2": {
            "Tipo": "Cliente de reten\u00e7\u00e3o geral",
            "Porcentagem": 4.4123886296139165,
            "ValorAbsoluto": 1352
        },
        "3": {
            "Tipo": "Cliente de desenvolvimento estrat\u00e9gico",
            "Porcentagem": 3.8608400509121767,
            "ValorAbsoluto": 1183
        },
        "5": {
            "Tipo": "Cliente em fase de prote\u00e7\u00e3o",
            "Porcentagem": 2.545608824777259,
            "ValorAbsoluto": 780
        },
        "4": {
            "Tipo": "Cliente em desenvolvimento",
            "Porcentagem": 2.333474756045821,
            "ValorAbsoluto": 715
        }
    },
    "monetary": {
        "0": {
            "Tipo": "Cliente perdido",
            "Porcentagem": 9.1326513353692,
            "ValorAbsoluto": 50955.06
        },
        "1": {
            "Tipo": "Cliente de reten\u00e7\u00e3o cr\u00edtica",
            "Porcentagem": 25.68894579492303,
            "ValorAbsoluto": 143329.875
        },
        "2": {
            "Tipo": "Cliente de reten\u00e7\u00e3o geral",
            "Porcentagem": 4.157168852037291,
            "ValorAbsoluto": 23194.665
        },
        "3": {
            "Tipo": "Cliente de desenvolvimento estrat\u00e9gico",
            "Porcentagem": 12.147487350690652,
            "ValorAbsoluto": 67776.15
        },
        "4": {
            "Tipo": "Cliente em desenvolvimento",
            "Porcentagem": 2.6043678070918874,
            "ValorAbsoluto": 14530.908166666666
        },
        "5": {
            "Tipo": "Cliente em fase de prote\u00e7\u00e3o",
            "Porcentagem": 10.791646881772825,
            "ValorAbsoluto": 60211.32244805195
        },
        "6": {
            "Tipo": "Cliente de valor geral",
            "Porcentagem": 6.945070374373115,
            "ValorAbsoluto": 38749.588113570324
        },
        "7": {
            "Tipo": "Cliente de alto valor",
            "Porcentagem": 28.532661603742003,
            "ValorAbsoluto": 159196.21045289742
        }
    },
    "frequency": {
        "0": {
            "Tipo": "Cliente perdido",
            "Porcentagem": 7.317682317682318,
            "ValorAbsoluto": 3809.0
        },
        "1": {
            "Tipo": "Cliente de reten\u00e7\u00e3o cr\u00edtica",
            "Porcentagem": 6.218781218781219,
            "ValorAbsoluto": 3237.0
        },
        "2": {
            "Tipo": "Cliente de reten\u00e7\u00e3o geral",
            "Porcentagem": 4.020979020979021,
            "ValorAbsoluto": 2093.0
        },
        "3": {
            "Tipo": "Cliente de desenvolvimento estrat\u00e9gico",
            "Porcentagem": 3.5464535464535465,
            "ValorAbsoluto": 1846.0
        },
        "4": {
            "Tipo": "Cliente em desenvolvimento",
            "Porcentagem": 5.1448551448551445,
            "ValorAbsoluto": 2678.0
        },
        "5": {
            "Tipo": "Cliente em fase de prote\u00e7\u00e3o",
            "Porcentagem": 7.142857142857142,
            "ValorAbsoluto": 3718.0
        },
        "6": {
            "Tipo": "Cliente de valor geral",
            "Porcentagem": 21.753246753246753,
            "ValorAbsoluto": 11323.0
        },
        "7": {
            "Tipo": "Cliente de alto valor",
            "Porcentagem": 44.85514485514486,
            "ValorAbsoluto": 23348.0
        }
    }
}